<?xml version="1.0" encoding="UTF-8" ?>
<ServiceGroupRegistrationParameters xmlns:sgc="http://mds.globus.org/servicegroup/client"
  xmlns:xsd="http://www.w3.org/2001/XMLSchema" xmlns:xsi="http://www.w3.org/2001/XMLSchema-instance"
  xmlns:wsa="http://schemas.xmlsoap.org/ws/2004/03/addressing"
  xmlns:agg="http://mds.globus.org/aggregator/types"
  xmlns="http://mds.globus.org/servicegroup/client">
  <!-- The ServiceGroupEPR defines the servicegroup to which registrations will be made -->
  <ServiceGroupEPR>
    <wsa:Address>INDEX_SERVICE_URL</wsa:Address>
  </ServiceGroupEPR>
  <!-- Specifies that the registration will be renewed every 10 minutes -->
  <RefreshIntervalSecs>600</RefreshIntervalSecs>
  <Content xsi:type="agg:AggregatorContent" xmlns:agg="http://mds.globus.org/aggregator/types">
    <agg:AggregatorConfig xsi:type="agg:AggregatorConfig">
      <agg:GetMultipleResourcePropertiesPollType
			xmlns:ns2="http://org.bioconductor.cabig/1.0/org.bioconductor.cagrid.caaffy.valuedomain"
			xmlns:ns9="gme://caGrid.caBIG/1.0/gov.nih.nci.cagrid.metadata"
			xmlns:ns6="gme://caArray.caBIG/1.1/gov.nih.nci.mageom.domain"
			xmlns:ns3="gme://caArray.caBIG/1.1/gov.nih.nci.mageom.domain.BioAssayData"
			xmlns:ns0="http://org.bioconductor.cabig/1.0/org.bioconductor.cagrid.caaffy"
			xmlns:ns1="gme://caArray.caBIG/1.1/gov.nih.nci.mageom.domain.QuantitationType"
			xmlns:xs="http://www.w3.org/2001/XMLSchema"
			xmlns:ns4="gme://caArray.caBIG/1.1/gov.nih.nci.mageom.domain.DesignElement"
			xmlns:ns8="gme://caGrid.caBIG/1.0/gov.nih.nci.cagrid.metadata.security"
			xmlns:ns7="http://caaffy.cagrid.bioconductor.org/CaAffy/types"
			xmlns:ns5="gme://caArray.caBIG/1.1/gov.nih.nci.mageom.domain.BioAssay">
        <!-- Specifies that the index should refresh information
            every 300000 milliseconds (once every 5 minutes) -->
        <agg:PollIntervalMillis>300000</agg:PollIntervalMillis>
        <!-- specifies all Resource Properties that should be retrieved from the service -->
		<agg:ResourcePropertyNames>ns9:ServiceMetadata</agg:ResourcePropertyNames>
	
      </agg:GetMultipleResourcePropertiesPollType>
    </agg:AggregatorConfig>
    <agg:AggregatorData/>
  </Content>
</ServiceGroupRegistrationParameters>
